{
    "chunk_size": 0,
    "total_translations": 30,
    "bleu_score": 0.6373638131824106,
    "syntax_valid_rate": 80.0,
    "structure_score": 0.4703703703703704,
    "semantic_score": 0.8262209395567576,
    "token_match": 0.9662045725879059,
    "overall_score": 0.7400319391394887
}