{
    "chunk_size": 0,
    "total_translations": 30,
    "bleu_score": 0.37566260420747993,
    "syntax_valid_rate": 0.0,
    "structure_score": 0.0,
    "semantic_score": 0.6449604292710622,
    "token_match": 0.9606503561442888,
    "overall_score": 0.39625467792456626
}