{
    "chunk_size": 10,
    "total_translations": 10,
    "bleu_score": 0.8643941052966163,
    "syntax_valid_rate": 100.0,
    "structure_score": 0.85,
    "semantic_score": 0.9611997663974762,
    "token_match": 1.0,
    "overall_score": 0.9351187743388186
}