{
    "chunk_size": 15,
    "total_translations": 10,
    "bleu_score": 0.8661403187111499,
    "syntax_valid_rate": 100.0,
    "structure_score": 0.85,
    "semantic_score": 0.959670627117157,
    "token_match": 1.0,
    "overall_score": 0.9351621891656615
}