{
    "chunk_size": 25,
    "total_translations": 10,
    "bleu_score": 0.884721150169316,
    "syntax_valid_rate": 100.0,
    "structure_score": 0.8666666666666666,
    "semantic_score": 0.9717984199523926,
    "token_match": 1.0,
    "overall_score": 0.9446372473576752
}