{
    "chunk_size": 0,
    "total_translations": 10,
    "bleu_score": 0.8563310849757922,
    "syntax_valid_rate": 100.0,
    "structure_score": 0.7666666666666666,
    "semantic_score": 0.970703947544098,
    "token_match": 1.0,
    "overall_score": 0.9187403398373114
}