{
    "chunk_size": 5,
    "total_translations": 10,
    "bleu_score": 0.8614312787953363,
    "syntax_valid_rate": 100.0,
    "structure_score": 0.85,
    "semantic_score": 0.9586206376552582,
    "token_match": 1.0,
    "overall_score": 0.9340103832901189
}