{
    "chunk_size": 10,
    "total_translations": 10,
    "bleu_score": 0.7508297653913696,
    "syntax_valid_rate": 100.0,
    "structure_score": 0.7,
    "semantic_score": 0.9177961468696594,
    "token_match": 1.0,
    "overall_score": 0.8737251824522059
}