{
    "chunk_size": 25,
    "total_translations": 10,
    "bleu_score": 0.7695533332272302,
    "syntax_valid_rate": 100.0,
    "structure_score": 0.7,
    "semantic_score": 0.9201388001441956,
    "token_match": 1.0,
    "overall_score": 0.8779384266742852
}