{
    "chunk_size": 15,
    "total_translations": 10,
    "bleu_score": 0.757965445558147,
    "syntax_valid_rate": 100.0,
    "structure_score": 0.7,
    "semantic_score": 0.9171796441078186,
    "token_match": 1.0,
    "overall_score": 0.875029017933193
}