{
    "chunk_size": 5,
    "total_translations": 10,
    "bleu_score": 0.772905816157095,
    "syntax_valid_rate": 100.0,
    "structure_score": 0.7166666666666666,
    "semantic_score": 0.9238009214401245,
    "token_match": 1.0,
    "overall_score": 0.8826746808527772
}