{
    "chunk_size": 0,
    "total_translations": 10,
    "bleu_score": 0.7753787715011756,
    "syntax_valid_rate": 100.0,
    "structure_score": 0.85,
    "semantic_score": 0.9574151337146759,
    "token_match": 1.0,
    "overall_score": 0.9165587810431702
}