{
    "chunk_size": 5,
    "total_translations": 10,
    "bleu_score": 0.7773868754091469,
    "syntax_valid_rate": 100.0,
    "structure_score": 0.8666666666666666,
    "semantic_score": 0.9583449482917785,
    "token_match": 1.0,
    "overall_score": 0.9204796980735184
}