{
    "chunk_size": 25,
    "total_translations": 10,
    "bleu_score": 0.7815028952335528,
    "syntax_valid_rate": 100.0,
    "structure_score": 0.9166666666666666,
    "semantic_score": 0.960153442621231,
    "token_match": 1.0,
    "overall_score": 0.93166460090429
}