{
    "chunk_size": 15,
    "total_translations": 10,
    "bleu_score": 0.7557400590197512,
    "syntax_valid_rate": 100.0,
    "structure_score": 0.9166666666666666,
    "semantic_score": 0.9595236480236053,
    "token_match": 1.0,
    "overall_score": 0.9263860747420045
}