{
    "chunk_size": 10,
    "total_translations": 10,
    "bleu_score": 0.8084201139392302,
    "syntax_valid_rate": 100.0,
    "structure_score": 0.8,
    "semantic_score": 0.9545424044132232,
    "token_match": 1.0,
    "overall_score": 0.9125925036704906
}