{
    "chunk_size": 0,
    "total_translations": 10,
    "bleu_score": 0.8168317825293666,
    "syntax_valid_rate": 100.0,
    "structure_score": 0.85,
    "semantic_score": 0.9628740787506104,
    "token_match": 1.0,
    "overall_score": 0.9259411722559954
}