{
    "chunk_size": 25,
    "total_translations": 10,
    "bleu_score": 0.8164438035712512,
    "syntax_valid_rate": 100.0,
    "structure_score": 0.85,
    "semantic_score": 0.9582364737987519,
    "token_match": 1.0,
    "overall_score": 0.9249360554740006
}