{
    "chunk_size": 5,
    "total_translations": 10,
    "bleu_score": 0.8257023271563184,
    "syntax_valid_rate": 100.0,
    "structure_score": 0.8666666666666666,
    "semantic_score": 0.9686713814735413,
    "token_match": 1.0,
    "overall_score": 0.9322080750593054
}