{
    "chunk_size": 0,
    "total_translations": 30,
    "bleu_score": 0.350299238897804,
    "syntax_valid_rate": 0.0,
    "structure_score": 0.0,
    "semantic_score": 0.6511375149091084,
    "token_match": 0.9972854764443208,
    "overall_score": 0.3997444460502466
}