{
    "chunk_size": 0,
    "total_translations": 10,
    "bleu_score": 0.8022560564385633,
    "syntax_valid_rate": 100.0,
    "structure_score": 0.95,
    "semantic_score": 0.9636782884597779,
    "token_match": 1.0,
    "overall_score": 0.9431868689796682
}