{
    "chunk_size": 25,
    "total_translations": 10,
    "bleu_score": 0.8005626452428725,
    "syntax_valid_rate": 100.0,
    "structure_score": 0.9,
    "semantic_score": 0.9496454656124115,
    "token_match": 1.0,
    "overall_score": 0.9300416221710568
}