{
    "chunk_size": 0,
    "total_translations": 30,
    "bleu_score": 0.515146267962711,
    "syntax_valid_rate": 63.33333333333333,
    "structure_score": 0.3,
    "semantic_score": 0.9188368598620097,
    "token_match": 0.7092144437673654,
    "overall_score": 0.6153061809850838
}