{
    "chunk_size": 0,
    "total_translations": 10,
    "bleu_score": 0.8839314962895299,
    "syntax_valid_rate": 100.0,
    "structure_score": 0.95,
    "semantic_score": 0.974979430437088,
    "token_match": 1.0,
    "overall_score": 0.9617821853453234
}