{
    "chunk_size": 25,
    "total_translations": 10,
    "bleu_score": 0.8479606430509709,
    "syntax_valid_rate": 100.0,
    "structure_score": 0.85,
    "semantic_score": 0.9630875051021576,
    "token_match": 1.0,
    "overall_score": 0.9322096296306256
}