{
    "chunk_size": 5,
    "total_translations": 10,
    "bleu_score": 0.8185547713606572,
    "syntax_valid_rate": 100.0,
    "structure_score": 0.85,
    "semantic_score": 0.9631172180175781,
    "token_match": 1.0,
    "overall_score": 0.9263343978756471
}