{
    "chunk_size": 0,
    "total_translations": 10,
    "bleu_score": 0.8185547713606572,
    "syntax_valid_rate": 100.0,
    "structure_score": 0.85,
    "semantic_score": 0.9627608776092529,
    "token_match": 1.0,
    "overall_score": 0.926263129793982
}