{
    "chunk_size": 10,
    "total_translations": 10,
    "bleu_score": 0.8346346590161687,
    "syntax_valid_rate": 100.0,
    "structure_score": 0.85,
    "semantic_score": 0.9632792830467224,
    "token_match": 1.0,
    "overall_score": 0.9295827884125781
}